Name,Link
0Chain,https://t.me/Ochain
0x official,https://t.me/Ox_project
12Ships Official Telegram(Global),https://t.me/TwelveSHIPS_Global
1irstcoin,https://t.me/m1irstcoin
1World Online,https://t.me/oneworldonlineico
Aaron Platform(everycoin),https://t.me/aaron_platform
Aave $LEND Traders community,https://t.me/ETHLendTrader
Aave Grooup ,https://t.me/Aavesome
Aave Official,https://t.me/Aave_Official
Abbc Chat,https://t.me/abbcfoundation
Abbc Official,https://t.me/abcc_en
ABCC Official,https://t.me/abcc_en
Ablex io,https://t.me/AmbleXnet
Absolute - Proof of View,https://t.me/absolute_community
Adreanlie.ai official,https://t.me/Adrenalineai
AdSigma,https://t.me/adsigma
AdvisoryNetwork,https://t.me/AdvisoryNetwork
√Ü Trader,https://t.me/aetrader
Aelf Blockchain Official,https://t.me/aelfblockchain
Aeternity Chat,https://t.me/aeternity
Aeternum ICO Official,https://t.me/aeternumicogroup
Agate - Community,https://t.me/agatechain_group
agc marketing,https://t.me/ContractLand_official
Agorise the World,https://t.me/Agorise
Agrello,https://t.me/agrello
AIAScoin - OFFICIAL,https://t.me/aiascoin
Aion Chat,https://t.me/AionCommunity
Aion Community,https://t.me/Aion_Community
Aion Official,https://t.me/aion_blockchain
Airdrop Madness Chat,https://t.me/airdrop_madness_chat
AirdropsCollector,https://t.me/airdropscollectorgiveaway
Airhawk-project,https://t.me/steemitdotcom
AirSwap,https://t.me/airswap
AITChain,https://t.me/ait_cn
Aitheon,https://t.me/aitheon
ALAX Global,https://t.me/ALAX_io
Algorand Chat,https://t.me/algorand
Algorand Foundation,https://t.me/AlgorandFoundation
Allcoin Exchange,https://t.me/AllcoinEN
Alphacat Global Community,https://t.me/alphacatglobal
Alphacon Network Global Official,https://t.me/joinchat/HN41oxBGCo13MEGimU1OXA
Alphaex.net (Alpha Exchange),https://t.me/alphaexnet
AlphaTradeZone¬Æ Group,https://t.me/AlphaTradeZone_Group
AlphaTradeZone¬Æ Talks,https://t.me/AlphaTradeZoneTalks
Alt Whales,https://t.me/joinchat/AAAAAEBhxdLaGYGuOpfNjQ
Altcoin Daily Community ¬Æ üîπ Official Trading Community,https://t.me/bitcoinnewsgroup
Altcoins OGs,https://t.me/Altcoins
Alteum 2.0,https://t.me/alteum
Altilly Exchange (Altilly.com),https://t.me/altilly
Alto.io Official Channel,https://t.me/alto_io
AmaZix Community,https://t.me/amazix
Anchor Trading Community,https://t.me/anchortrading
AppCoins Official,https://t.me/appcoinsofficial
Arbitrage EOS [EOS/USDT],https://t.me/Arbitrage_EOS
ArcBlock Official,https://t.me/ArcBlock
Arch Crypton Game Official,https://t.me/ArchCryptonGroup
Arch Crypton Games Channel,https://t.me/ArchCryptonChannel
Ardor Nxt Group,https://t.me/ardor_nxt_group_official
Ardor Platform,https://t.me/ardorplatform
Argyle Coin,https://t.me/joinargyle
ARK - All-in-One Blockchain Solutions,https://t.me/ArkEcosystem
Ark Ecosystem,https://t.me/ArkEcosystem
Arkropolis Official,https://t.me/akropolis_official
ARPA Official Community,https://t.me/arpa_community
ArQmA,https://t.me/joinchat/HNpOMRIiNSoCn0zYrAOofw
ATMChain English,https://t.me/atmchainen
AtomicPay,https://t.me/atomicpay
AUD Official Group,https://t.me/AUDOfficialGroup
Augur Prroject Group,https://t.me/AugurProject
Aurora Chat,https://t.me/Auroradaochat
Aurora Official,https://t.me/AuroraOfficialEN
Aussie Crypto Speculators,https://t.me/aussiecrypto
AVHcommunity,https://t.me/AVHcommunity
AXEL,https://t.me/axelnetwork
Azbit,https://t.me/azbit_com
Bancor Telegram,https://t.me/bancor
Band Protocol,https://t.me/bandprotocol
Bankex group,https://t.me/bankex
Bankex grp,https://t.me/BANKEXProtocol
Basic Attention Token Official,https://t.me/batproject
BBSCoin English,https://t.me/bbscoin
BCV Global,https://t.me/bitcvglobal
BCX group,https://t.me/BCX_EN
Beam Community,https://t.me/BeamPrivacy
Beam Wallet,https://t.me/beam_wallet
Beaxy Exchange,https://t.me/Beaxy
Bee Token,https://t.me/beetoken
BehaviourExchange,https://t.me/BehaviourExchange
Belacam (BELA) Official Telegram,https://t.me/letslivebela
BenePit Official (ENG),https://t.me/BenePit_global
Berminal - EMOGI Network,https://t.me/berminal
BERNcash,https://t.me/BERNcash
Bezant Official Community,https://t.me/bezant_official
Bgogo Exchange,https://t.me/Bgogo
BHD Official group,https://t.me/BitcoinHDofficial
BHP official,https://t.me/bhpfinance
Bibox Official,https://t.me/biboxglobal
Bigbom - Global,https://t.me/bigbomicogroup
BigONE English,https://t.me/B1_EN
Binance English,https://t.me/binanceexchange
Binance India,https://t.me/BinanceIndian
Binance Info,https://t.me/binance_info_english
Binary.com Group,https://t.me/binarydotcom
BINEX.TRADE (Announcement),https://t.me/BinexTrade
Birake,https://t.me/birakecom
BitBay ($BAY) - Decentralised Market with Unbreakable Smart Contracts,https://t.me/bitbayofficial
Bitbns Community ü§ù,https://t.me/bitbns
Bitbook.ag ICO Community,https://t.me/Bitbook_ag_ICO
BitCapitalVendor,https://t.me/bcvtoken
BitClave,https://t.me/BitClaveCommunity
Bitcoin cash chat,https://t.me/bitcoincashfork
Bitcoin Chat,https://t.me/BitcoinChat
Bitcoin Chat,https://t.me/BitcoinChat
Bitcoin Classic (BXC) Official,https://t.me/bitcoinxc
Bitcoin Dev,https://t.me/BitcoinCore
Bitcoin Diamond,https://t.me/BCDcommunity
Bitcoin Earnings,https://t.me/bitcoinearnings
Bitcoin forks - (no mod.),https://t.me/BTCFork
Bitcoin gold chat,https://t.me/BitcoinGoldHQ
Bitcoin Network,https://t.me/bitnetwork
Bitcoin Private,https://t.me/BTCPrivate
Bitcoin sv Official,https://t.me/BSVchat
Bitcoin United States,https://t.me/bitcoin_united_states
Bitcoin2network,https://t.me/bitcoin2network
BitcoinAustralia,https://t.me/BitcoinAustralia
BitcoiNote,https://t.me/bitcoinote_coin
BitCoinReal (ddAIC),https://t.me/bitcoinrealpublic
Bitcoins at undermarket value,https://t.me/bitcoinundermarket
BitDegree Team,https://t.me/bitdegree
Bitether (BTR),https://t.me/bitether
Bitfinex,https://t.me/bitfinex
BitForex English,https://t.me/BitForexEnglish
Bitgrin,https://t.me/BitGrinCommunity
Bitkan Group,https://t.me/bitkanSEA
BitMax.io English Official,https://t.me/BitMaxioEnglishOfficial
Bitqy,https://t.me/bitqy
BitRewards Chat,https://t.me/bitrewards
Bitsgap Chat,https://t.me/bitsgap
Bitshares chat,https://t.me/BitSharesDEX
Bitshares Community,https://t.me/bitshares_community
BitTorrent CHat,https://t.me/BTTBitTorrent
Bittrex Chat,https://t.me/Bittrex_chat
BitUniverse,https://t.me/bituniverse
BitZ,https://t.me/bitzCN
BitZ Community,https://t.me/bitzEN
Bizkey Community,https://t.me/bizkey_chat
Black Coin group,https://t.me/blackcoin
Block v Chat,https://t.me/block_v
Blockchain Developers,https://t.me/blockchainDevs
Blockchain Interest Group,https://t.me/bigorg
Blockchain_Hype,https://t.me/blockchain_hype
Blockfarm coin,https://t.me/Blockfarmcoin
Blockium,https://t.me/blockium_official
Bloom,https://t.me/bloomprotocol
Blue Whale Group,https://t.me/bluewhalefdn
Bluehelix Official,https://t.me/bhex_en
BMEX Official Community,https://t.me/bmexgroup
Bnet group,https://t.me/Blocknet
BnkToTheFuture Community,https://t.me/bf_token
BombChain Group,https://t.me/bombchain
Boomstarter.Network,https://t.me/boomstarternetwork
BORA Official,https://t.me/boraofficial
Botchain by Talla ICO,https://t.me/botchainICO
BotMargin Official,https://t.me/botmarginofficial
Bottos (BTO),https://telegram.me/bottosglobal
Bottos AI (Global Community),https://t.me/bottosofficial
botXcoin Official,https://t.me/botxcoin
Bounty Hunters,https://t.me/ICO_BountyHunters
Bounty_AIVIA,https://t.me/Bounty_Nousplatform
BountyCloud Support Community,https://t.me/bountycloud
Bread Official,https://t.me/Breadchat
BreezeCoin,https://t.me/breezecoin
BROXUS Chat,https://t.me/broxus_chat
BRoyal Community Group,https://t.me/broyalofficial
Btc Gold Official,https://t.me/BitCoinGoldOfficial
BTC.com,https://t.me/btccom
Btitshares Traders,https://t.me/Bitshares_Traders
BTU Protocol,https://t.me/btucommunity
Builderium Community,https://t.me/BuilderiumCommunity
BULL & BEAR,https://t.me/bullbearr
Burency Community,https://t.me/BurencyCommunity
Burstcoin,https://t.me/burstcoin
BUZZSHOW,https://t.me/buzzshow
BW.com OFFICIAL,https://t.me/BW_support
Byte Coin Chat,https://t.me/bytecoin
Byte COin Official,https://t.me/bytecoinchat
Bytecoin BCN,https://t.me/bytecoinchat
Bytom Official,https://t.me/BytomInternational
Cannacor Official Group,https://t.me/cannacor_BBC
Capital X official support,https://t.me/capitalXlivesupport
Cappasity,https://t.me/cappasity3d
Cardano Official,https://t.me/cardano
Carry Protocol,https://t.me/carryprotocol
Caspian Tech,https://t.me/Caspian_Tech
Castweet Official Community,https://t.me/castweetofficialcommunity
CCC_Official,https://t.me/CCC_official
Celer Network official,https://t.me/celernetwork
CENTERCOIN (CENT),https://t.me/joinchat/FC0wt0dM2uCsQq7yjKVrdg
Centrality Official,https://t.me/centralityofficialtelegram
Certified Diamond Coin,https://t.me/cdiamondcoin
Chainlink Community,https://t.me/chainlink
Chainlink Official,https://t.me/chainlinkofficial
ChangeNOW Community Chat,https://t.me/changenow_chat
CHAT CryptoMAX,https://t.me/chat_cryptomax
Chiliz Chat,https://t.me/chiliz
Chiliz Official,https://t.me/chiliz_io
Chronobank,https://t.me/chronobank
Cindicator_chat,https://t.me/cindicator_chat
Citadel,https://t.me/citadelplatform
Citron Community,https://t.me/citroncash
Civic Community,https://t.me/civicplatform
Clash & GO,https://t.me/ClashAndGO
Claymore Token,https://t.me/claymoretokencom
Cocos-BCX Official (EN),https://t.me/cocosbcxen
Coin Farm,https://t.me/thecoinfarm
COIN GROUP,https://t.me/coingroup2
COIN MAGI XMG,https://t.me/joinchat/GVNlf0KUl9wA2xZosHEVQw
Coin Parliament,https://t.me/CoinParliament
Coin Whisperers ‚Ñ¢ Chat,https://t.me/CoinWhisperersChat
CoinGecko,https://t.me/coingecko
CoinLancer,https://t.me/Coinlancer
CoinMarketCap Community,https://t.me/CoinMarketCap
CoinMetro,https://t.me/coinmetro
Coinpaprika,https://t.me/Coinpaprika
Coinvest,https://t.me/CoinvestHQ
ColossusXT [COLX] | EN | Official,https://t.me/colossuscoin
Condensate Rain Deutsch,https://t.me/condensaterain
Connect Coin Global,https://t.me/CONNECTCOIN
Consensus,https://t.me/consensus_ai
Consentium Official,https://t.me/consentiumofficial
Constellation Community,https://t.me/constellationcommunity
COnstellation Trading group,https://t.me/constellationtrader
CortBit Official Group,https://t.me/CortbitOfficial
Cortex Group,https://t.me/CortexLabs
Cortex Official,https://t.me/CortexBlockchain
Cosmos Official,https://t.me/cosmosproject
COSS - General Discussions,https://t.me/myCOSS
Counterparty XCP,https://t.me/Counterparty
COVA (Covalent.ai) Official,https://t.me/covalentofficial
Crea Community,https://t.me/creativechain
Credits Official,https://t.me/creditscom
Crpterium Official,https://t.me/crypterium
Cryphos,https://t.me/Cryphos
Cryptelo ICO,https://t.me/cryptelo
Cryptic India,https://t.me/CrypticIndia
Cryptinos Chat,https://t.me/cryptinoschat
Crypto Aquarium üê≥,https://t.me/cryptoaquarium
Crypto Beats -OG music group,https://t.me/CryptoBeats
Crypto Buzz Chat,https://t.me/CryptoBuzzChat
Crypto Charity,https://t.me/CryptoCharity
Crypto Chat Group,https://t.me/CryptoExperttradeoonline
Crypto Community¬Æ üîπ Official Trading Community,https://t.me/cryptotapro
Crypto Diamonds,https://t.me/crypto_diamonds
Crypto Discussion,https://t.me/Cryptodiscussion
Crypto Gifs,https://t.me/CryptoGifs
Crypto Gurus | Community Chat,https://t.me/cryptogurusofficial
Crypto Insiders,https://t.me/cryptoinsiderslobby
Crypto Lovers Worldwide [CLW],https://t.me/CrptoLoversWW
Crypto Mining,https://t.me/CryptoMining
Crypto Mining Specialists,https://t.me/crypto_mining_specialists
Crypto Mob üéì,https://t.me/TheCryptoMob
Crypto Players India,https://t.me/CryptoPlayers
Crypto Profit,https://t.me/cryptonewsphere
Crypto Pump Group,https://t.me/cryptopumpgroup10
Crypto pump vip,https://t.me/cryptopumpvips
Crypto Runner,https://t.me/cryptorunner_group
Crypto Talk,https://t.me/CryptTalkGroup
Crypto-Potential (Proof-of-achievement system),https://t.me/Crypto_potential
Crypto.com,https://t.me/CryptoComOfficial
Crypto20 Group,https://t.me/crypto20
CryptoAdvisor Investment Group,https://t.me/cryptoadvisorOfficial
CryptOcean.io - Official chat,https://t.me/cryptocean_en
CryptoCoinClub,https://t.me/CryptoCoinClub
CryptoForecast - International,https://t.me/CryptoForecastint
Cryptogene Chat,https://t.me/Cryptogene
CryptoGrinders,https://t.me/cryptogrinders
CryptoHarbor Alerts,https://t.me/CHalerts
CryptoHawk,https://t.me/CryptoHawkAG
CryptoIndex.com (EN) - Official chat,https://t.me/indexcrypto
Cryptoknowmics,https://t.me/cryptoknowmic
CryptoLendingProgram,https://t.me/CryptoLendingProgram
CryptoLux Community üíé,https://t.me/CLXCommunity
CryptoMarketAds,https://t.me/CryptoMarketAdsOfficial
CryptoNekoZ Crypto Trading Group,https://t.me/cryptonekoz
CryptoOffers,https://t.me/cryptooffers
CryptoOffers,https://t.me/cryptooffers
Cryptotipschatü•Ç,https://t.me/CryptotipschatFR
CryptovationX (CXA),https://t.me/CryptovationX_CXA
CryptoWorld,https://t.me/BFU_Cryptochat
Crystal Clear Token,https://t.me/CrystalClearICO
CTG Official,https://t.me/ctgcoinofficial
Curveblock,https://t.me/CurveBlock_Telegram
CyberFM MFTU Group,https://t.me/mftudotnet
CyberMiles,https://t.me/CyberMiles
CyberMiles group,https://t.me/cybermilestoken
CyberWay_En,https://t.me/cyberway_en
DACX Community,https://t.me/OfficialDacx
DAD (English),https://t.me/dad_official
Dagcoin English,https://t.me/dagcoinen
DAGT Official,https://t.me/DAGTofficial
Dai Community,https://t.me/dai_community
DAOstack GEN Economy,https://t.me/daostackcommunity
dAppstore X Decenternet (ENG),https://t.me/dnetofficial
Dark Crypto Market,https://t.me/DarkCryptoMarket
DASH Knights 2.0,https://t.me/DashDigitalCash
Dash Official,https://t.me/dash_chat
DATx Official Community #01,https://t.me/datxofficial01
Davinci Foundation,https://t.me/davincifoundation
DECENT Official,https://t.me/decentch
DeCenter ‚Äì Blockchain and Bitcoin,https://t.me/DeCenterOrg
Decentraland,https://t.me/dcl_market
Decentraland Chat,https://t.me/decentralandTG
Decentralized Asset Trading Platform,https://t.me/DATP_Official
ƒêecentralized ƒålub,https://t.me/decentralized_club
Decred Official,https://t.me/Decred
Deep Brain Official,https://t.me/deepbrainchain
DeepBrain Chain,https://t.me/deepbrainchain
Defi Official (English),https://t.me/DefiDEFI
DeltaChain Main Group [EN],https://t.me/deltachaingroup
Denarius,https://t.me/denariuscrypto
Dent Official,https://t.me/dentcoin
Dent trade talk,https://t.me/DENTtrade
Denta Coin Official,https://t.me/dentacoin
Deribit Chat,https://t.me/deribit
DeVault,https://t.me/devaultcrypto
Devnetwork,https://t.me/devnetwork_official
DEXEOS.io,https://t.me/dexeos_io
Dexon Chat,https://t.me/dexon_foundation
DFINITY,https://t.me/DFinity
Digi Byte Devs,https://t.me/DigiByteDevelopers
DigiByte Chat,https://t.me/DigiByteCoin
Digitex Futures ,https://t.me/digitexfutureschat
Digix Community,https://t.me/DigixDAO
DIM Ecosystem,https://t.me/dimecosystem
Dimension Official ($EON),https://t.me/dimensionofficial
DisruptBlock.com - Cryptocurrency & ICO Chat,https://t.me/disruptblock
Distributed (Int),https://t.me/idistributed
Divi (Official),https://t.me/diviproject
doc.com Token (MTC),https://t.me/docToken
Doge Chat,https://t.me/TheDogeHouse
Dolla ICO Community,https://t.me/dolla_ico
Dragon Coin Chat,https://t.me/dragontalk/
Dragon COin Official,https://t.me/DragonOfficialENG
DREP Foundation,https://t.me/drep_foundation
Dropil,https://t.me/DropilCoin
Duality,https://t.me/dualitychat
Duality,https://t.me/DualityOfficial
Dx Chain chat,https://t.me/DxChainGroup
Dx Chain Official,https://t.me/dxchain
Eboost Community,https://t.me/eBoostCoinChat
Ecex Exchange,https://t.me/ZigguratICO
Ecomi,https://t.me/ecomi
ECONEUARK GROUP (eng),https://t.me/ecoposelok
EDC Blockchain official,https://t.me/EDCBlockchain
EDUCare EKT,https://t.me/ektcoin
Effect.AI,https://t.me/effectai
Eidoo Chat,https://t.me/eidoocoinedocoin
Eidoo Group,https://t.me/eidoocryptoworld
EIPlatform,https://t.me/EIPlatform_group
ELAMACHAIN Official,https://t.me/elamachain
Elastos Chat,https://t.me/elastos_org
Elastos Community,https://t.me/elastosgroup
Elderly Care Official,https://t.me/elderlycareofficial
Electracoin,https://t.me/Electracoin
Electrify.Asia (Official),https://t.me/electrifyasia
Electroneum,https://t.me/officialelectroneum
Electroneum Official,https://t.me/electroneum
Element Zero Network,https://t.me/ElementZeroNetwork
Elixxir,https://t.me/elixxir_io
Elpis,https://t.me/ElpisAI
Elrond Official,https://t.me/ElrondNetwork
EmaratCoin,https://t.me/emaratcoinofficial
EMOGI Network,https://t.me/emogicoin
EncryptoTel_Chat,https://t.me/encryptotelchat
Energi Chat,https://t.me/energitoken
Energi Official,https://t.me/energicrypto
Enigma Chat,https://t.me/enigmacatalyst
Enigma Official,https://t.me/enigmaproject
Enjoin Chat,https://t.me/enjin_coin/
EnterCoin and Stinex,https://t.me/entercoin
ENTRY,https://t.me/Entry_Official
EOS Nation,https://t.me/EOSNation
Eos Official,https://t.me/EOSproject
Essentia.one - Official Channel,https://t.me/essentia_one
Eth Classic Official,https://t.me/ethclassic
EthBits,https://t.me/EthBitsChatroom
Ether Joy (EJOY),https://t.me/etherjoy
Ethereum Classic ETC,https://t.me/ethclassic
Ethereum Gold Project ETGP,https://t.me/etg_official
EtherFlyer (TCASH),https://t.me/etherFlyer
EtherGem - Official NEW,https://t.me/egemofficial
EtherGem - Official OLD,https://t.me/EGEM_Team
Ethos,https://t.me/ethos_io
ETHplode,https://t.me/ETHplode
EthTrader,https://t.me/ethtrader
EVA CASH,https://t.me/evacash
Evedo - Events Done Better (Official Group),https://t.me/evedoco
EverLife.AI Chat,https://t.me/everlife_ai
EVO.LIVE - World of Personal Development,https://t.me/evolive
Excavo,https://t.me/excavochat
EXENOX Global Community,https://t.me/exenoxglobal
EXMR FDN. ENGLISH,https://t.me/JoinEXMR/
Expanse Group,https://t.me/ExpanseTech
Experty,https://t.me/experty_io
Exxo Exchange,https://t.me/exxoexchange
EZToken,https://t.me/eztokensupport
FABRK (OFFICIAL),https://t.me/FABRKOfficial
Facebook Libra,https://t.me/facebook_libracoin
Factom Chat,https://t.me/FactomFCT
Factom Community,https://t.me/Factomcommunity
Fantom Foundation,https://t.me/fantomfoundation
Fantom Official,https://t.me/fantom_english
Fantom Trade talk,https://t.me/FantomTrading
Fatbtc,https://t.me/fatbtc
FatBTC.com Official,https://www.t.me/fatbtc
FCoinOfficial,https://t.me/fcoinofficial
Fetch ai chat,https://t.me/fetch_ai
FINWEX Global | TREELION,https://t.me/Finwex_Global12
FireToken Discussion Board,https://t.me/firetokencommunity
FISCAL-INVESTMENT,https://t.me/fiscalinvestment
Flexa Group,https://t.me/flexacoin
FlitToken Official,https://t.me/flittoken
FLOGmall EN (Chat),https://t.me/flogmallen
FNB Protocol Official Group,https://t.me/FNBprotocol
FortKnoxster Official,https://t.me/FortKnoxster
Free Coin official,https://t.me/FREEcoinGlobal
FTX Official,https://t.me/FTX_Official
Fun Fair group,https://t.me/FunFair_Official
Function x official,https://t.me/functionx
FundRequest Official,https://t.me/fundrequestofficial
Fusion Foundation group,https://t.me/FUSIONFoundation
FUTURAX GLOBAL üåè,https://t.me/futurax
Futurepia & SNAC Community,https://t.me/futurepia_blockchain
Gabrotech Official (ENG),https://t.me/Gabrotech
Gamblica Community,https://t.me/gamblicachat
GAPS Open Room,https://t.me/gapschain_io
GateChain official,https://t.me/gatechain
General Crypto Group,https://t.me/TheCoinFarm
GET Protocol,https://t.me/getprotocol
GetCoin News,https://t.me/getcoinit
GIFcoin ICO,https://t.me/gifcoin
Gladius Network Chat,https://t.me/GladiusIO
GloBo¬© Token Community‚úåÔ∏è,https://t.me/Globo_Community
Gnosis Community,https://t.me/GnosisGeneral
Gnosis Group,https://t.me/GnosisPM
GoChain,https://t.me/go_chain
Golem Project,https://t.me/GolemProject
GOX Rising Creditor Group Discussion,https://t.me/goxrising
Gric Coinüî•Farm Partner üî•,https://t.me/griccoin1
Gridcoin,https://t.me/gridcoin
Grin Community,https://t.me/GrinFans
Grin Official,https://t.me/GrinCoin
Groestl Coin Group,https://t.me/groestl
GTC - Good Trade Calls,https://t.me/GTCGoodTradeCalls
GX Chain International,https://t.me/GXChain_international
Harmony Group,https://t.me/harmony_one
HashGains Crowdsale,https://t.me/hashgains
Hashshare,https://t.me/hashsharecoin_HSS
Hcash Official - English,https://t.me/HcashOfficialEnglish
Hdac Community,https://t.me/Hdac_TGE/
HeavyLitecoin,https://t.me/Heavy_Litecoin
Hedera Hash,https://t.me/hashgraph
Hedge Trade Official,https://t.me/HedgeTradeHQ
HellenicNode.eu ($HN),https://t.me/hellenic_node
HighVibe.Network Token,https://t.me/highvibenetworktoken
HintChain_Official_EN,https://t.me/hintchain_official_en
HOLD ‚Äî Community Support,https://t.me/HOLD_Support
HOLD (Legacy),https://t.me/HoldHQ
Holo,https://t.me/channelholo
Holo HODLERS,https://t.me/holohodlers
Horizen,https://t.me/horizencommunity
Horizon State,https://t.me/horizonstate
HostingIcos.Io ( Private Sale Live ),https://t.me/hostingicos_io_1
HPB Global,https://t.me/hpbglobal
HPB Global,https://telegram.me/hpbglobal
HubrisOne,https://t.me/hubrisoneofficial
Huddl,https://t.me/HuddlOfficial
Humaniq Global Challenge,https://t.me/humaniqglobalchallenge
Humans.net,https://t.me/humans_net
Huobi official,https://t.me/huobiofficial
Huptex - Global,https://t.me/Huptex_Global
HybridBlock HQ,https://t.me/HybridBlockHQ
Hydro,https://t.me/projecthydro
Hyperion Official,https://t.me/Hyperionofficialhyn
Hyperion Official Community,https://t.me/HyperionOfficialHYN
Hyperledger,https://t.me/HyperLedger
I-PRO TOKEN GROUP,https://t.me/iprotoken
I‚ô•Ô∏èNINA PRO,https://t.me/iLoveNINA
iAM Official Community,https://t.me/iAMcommunity
ICO Discussion,https://t.me/icoinvestt
ICO Drops EN,https://t.me/joinchat/FoisO0k4-XXBkPEikfdgow
ICO HeadStart - English,https://t.me/icoheadstartEN
ICO memes,https://t.me/icomemes
ICO Republic group,https://t.me/Icorepublic_eng
ICO Speaks,https://t.me/icospeaks
ICO Talk Group,https://t.me/icotalkk
ICO Talk¬Æ,https://t.me/icotalkcommunity
ICOcountdown,https://t.me/icocountdown
ICON Project,https://t.me/hello_iconworld
ICONOMI,https://t.me/iconomi
iExec [RLC] | Discussion,https://t.me/iexec_discussion
Ignis Community,https://t.me/IGNIS_CommunityFirst
IL coin team,https://t.me/ILCoinDevelopmentTeam/
IL official,https://t.me/officialilcoin
Imbrex,https://t.me/imbrex
IndaHash_chat,https://t.me/indahash_chat
IndiaBits,https://t.me/indiabits
IndiNode,https://t.me/IndiNodeChat
InoCoin,https://t.me/InoCoin2018
Insight Chain(INB) Global,https://t.me/InsightChain
Insights Network (INSTAR),https://t.me/InsightsNetwork
INSTANTCOIN | INSTAINBLOCKS  Chat,https://t.me/instantcoinchat
Investment (Dispute) Resolution Center,https://t.me/investmentresolutioncenter
io tex group,https://t.me/IoTeXGroup
io tex trade talk,https://t.me/IoTeXTrader
iOlite Community,https://t.me/iolite
IOP official,https://t.me/IoPofficial
IOST Official,https://t.me/officialios
IOTA Cafe,https://t.me/iotacafe
IOTA Official,https://t.me/iotatangle
IOTA Tech,https://t.me/iotatangle
IOTA Trader [serious],https://t.me/iotatrader
IOTW Community,https://t.me/iotwcommunity
IOU Community,https://t.me/IOUCommunity
IOVBlockChain,https://t.me/IOVBlockChainOfficial
iP2P Global Official,https://t.me/TWQiP2PGLOBAL
iPRONTO Official,https://t.me/iprontocoinio
IPSX Community,https://t.me/IPExchange
Iridium Coin - Official Telegram,https://t.me/IridiumCoin
ivyKoinchat,https://t.me/ivyKoinchat
Ixinium XXA Official,https://t.me/XXAofficial
Jibrel,https://t.me/jibrel_network
JSEcoin,https://t.me/jsetelegram
KAASO Token Discussion,https://t.me/kaasomarketplace
Kakushin Ecosystem,https://t.me/Kakushin
KanadeCoin,https://t.me/KanadeCoin_Off
Karbo info,https://t.me/karbowanec
Karma Official EN,https://t.me/karmaprojecten
Katalyse (FundYourselfNow),https://t.me/fundyourselfnow
Kava,https://t.me/kavalabs
KEYRPTO,https://t.me/KEYRPTOGroup
Komodo Chat,https://t.me/KomodoPlatform_Official
Komodo Platform,https://t.me/komodoplatform
Korean Jew Crypto Trading,https://t.me/koreanjewtrading
Kryptono Exchange Official,https://t.me/kryptono
Kucoin Official,https://t.me/Kucoin_Exchange
Kucoin shares chat,https://t.me/KuCoinShares
KUNA Support UA/RU/EN,https://t.me/kuna_sco_ua_ru
Kyber Network,https://t.me/kybernetwork
LA token official,https://t.me/latoken
Lambda Official,https://t.me/HelloLambda
LEAFtoken,https://t.me/LEAFtoken
LEBENer Club,https://t.me/LEBENerclub
Ledgit Official,https://t.me/LedgitOfficial
Libereum Official Chat,https://t.me/Libereum
Liger Coin,https://t.me/TheLigerCoin
Lightning Bitcoin (LBTC),https://t.me/LightningBTC
Lightning Network,https://t.me/LightningNetwork
Lina Official,https://t.me/linareviewintl
Lisk Chat,https://t.me/Lisk_HQ
Litecoin,https://t.me/litecoin
"Litecoin Cash (LCC, EN) | OFFICIAL",https://t.me/litecoincashofficial
Litecred,https://t.me/Litecred
Lobstex Coin,https://t.me/lobstexofficial
LocalCoinSwap [Official] Chat (EN),https://t.me/localcoinswap
LocalEthereum,https://t.me/localethereumdotcom
LOCI Nexus,https://t.me/LociNexus
Locus Chain Community,https://t.me/lcfcommunity
Loki Community,https://t.me/LokiCommunity
Loom Network,https://t.me/loomnetwork
Loopring Official,https://t.me/loopring_en
Lucky Block,https://t.me/luckyblockofficial
Luna Official,https://t.me/meetluna
Maars Search Engine,https://t.me/maarscoin
Maecenas Official,https://t.me/maecenasart
Magnetics Official Community,https://t.me/magnetics_community
MagNetwork ,https://t.me/magnetwork_io
Magnum Wallet,https://t.me/magnumwalletco
Magnum Wallet,https://t.me/magnumwalletco
Maid Safe Official,https://t.me/maidsafecoin
Mainframe community,https://t.me/MainframeCommunity
Mainframe Community (2/2),https://t.me/mainframecommunity2
Maker Official,https://t.me/makerdaoofficial
Marginless Community,https://t.me/Marginless
MarketC Community Group,https://t.me/MarketCCMK
MarteXcoin - MXT,https://t.me/martexcoin
Marvel (MRV),https://t.me/marvel_en
MasterNodes.Pro,https://t.me/masternodespro
Matchpool,https://t.me/matchpool
Matic Network Official,https://t.me/maticnetwork
Matrix Network official,https://t.me/matrixainetwork
MaxiMineCoin,https://t.me/maximine
Maya Preferred 223 - Maya Coin,https://t.me/mayapreferred223
MCO Crypto,https://t.me/MCOCryptoOfficial
MediBloc Group,https://t.me/medibloc
Melon Protocol,https://t.me/melonport
Memetic / Pepecoin,https://t.me/pepecoins
Menlo One,https://t.me/Menloone
MESG Community,https://t.me/mesg_community
MetaHash International,https://t.me/metahash_eng
Metal Pay chat,https://t.me/metalpaysme
MetalPay Community group,https://t.me/MetalPayCommunity
MetaVerse Blockchain chat,https://t.me/Metaverse_Blockchain
Metronome Token,https://t.me/metronometoken
MEXC Community,https://t.me/mexclife
MIB COIN Official Community ,https://t.me/MIB_Coin
Mincoin [MNC],https://t.me/joinchat/HhO3eRL9oCgT1WxoyCfKYQ
MINDOL GLOBAL,https://t.me/MINDOLGLOBAL
Miners Peak,https://t.me/minerspeak
Mining Group,https://t.me/cryptomining
Mitoshi Crypto Lotto,https://t.me/Mitoshi_Crypto
Mixin Network (XIN),https://t.me/MixinCommunity
MLG Community Management,https://t.me/MLGCommunity
MMCrypto (English),https://t.me/MMCryptoENG
MOAC Official,https://t.me/moacblockchain
MobileGo Community Channel,https://t.me/mobilego
ModulTrade IO,https://t.me/ModulTradeIO
Moeda group,https://t.me/moedaproject
Molecular Community,https://t.me/MolecularFuture_mof
Mona Coin Chat,https://t.me/monacoin
Monaco Card,https://t.me/MonacoCard
Monaco Crypto Trading,https://t.me/MonacoCryptoTrading
Monero Chat,https://t.me/monero
Monero Enthusiasts,https://t.me/bitmonero
Monero Mining,https://t.me/xmrmine
Monetha Group,https://t.me/Monethagroup
Money Cloud,https://t.me/CloudMoney01
Monzonauts,https://t.me/monzochat
MOON GUARDS,https://t.me/moonguards
MoonX Family,https://t.me/moon_money
MXC Foundation,https://t.me/mxcfoundation
MXC Global (Official),https://t.me/MXCEnglish
MyBit,https://t.me/mybitio
Myriad official,https://t.me/Myriadcoinofficial
Mysterium Network,https://t.me/mysterium_network
Nano Chat,https://t.me/RaiBlocks
Nano Telegram,https://t.me/nanocurrency
Nash Community,https://t.me/NashSocial
NavCoin,https://t.me/navcoin
NBC BOMESP Brasil,https://t.me/nbcniobiumbomesp
NBC BOMESP Global,https://t.me/nbcbomespglobal
Neblio Blockchain - Official Channel,https://t.me/neblio_official
Nebula COmmunity,https://t.me/NebulaAICommunity
Nebulas,https://t.me/nebulasen
Nebulas Chat,https://t.me/nebulasio
NEM::Official::(Red),https://t.me/nemred
Neo Official,https://t.me/Neo_Blockchain
NEO Smart Economy (Official),https://t.me/NEO_EN
Neonex Exchange,https://t.me/neonexchange
NetCurrency Index Official,https://t.me/netcurrencyindex_official
Netko (Official telegram group),https://t.me/NetkoCoin
Netkoin (NTK) Discussion,https://t.me/netkoindiscussion
Neufund,https://t.me/neufund
NeuroChain,https://t.me/neurochain_official
NEUROTOKEN (NTK),https://t.me/neurotokenNTK
NevaCoin,https://t.me/nevacoin
NevaCoin,https://t.me/neva_coin
Newton Project,https://t.me/Newtonproject
Nexo Official,https://t.me/nexofinance
NEXT Exchange,https://t.me/next_exchange
NEXT Global Community,https://t.me/NEXTGlobal
Nexus Official,https://t.me/NexusOfficial
Nimiq,https://t.me/Nimiq
Nkn official,https://t.me/nknorg
Noah Project - English,https://t.me/noahproject_community
NoahsCryproAnalysis,https://t.me/NoahsCryproAnalysis
NOIZ - AdTech for the future,https://t.me/noizchainenglish
Noozzle Live,https://t.me/noozzle_live
NORTONCHAIN ENGLISH,https://t.me/nortonchainEN
Nova,https://t.me/Nova_zh
NOW Token Trading Discussions Chat,https://t.me/nowtoken_bounty
NOW Token Trading Discussions Chat,https://t.me/NOWtoken_Bounty
Nucleus Vision Official,https://t.me/NucleusVision
Nuls Network,https://t.me/Nulsio
Nxt Community,https://t.me/NXTCommunity
NYC Blockchain Community,https://t.me/nycblockchain
NYC Real Estate Coin,https://t.me/NYCREC
Oasis City Community ,https://t.me/oasiscity_global
Oath Protocol Community,https://t.me/oathsio
OceanEx Official,https://t.me/OceanEx_Official
ODEMIO,https://t.me/odem_io
ODYSSEY (OCN) Official Community,https://t.me/odysseyofficial
Official DIM Trading (P2P Investor Trading),https://t.me/dimtradingofficial
Official RC20,https://t.me/httprc20token
Oilblockfunds chatroom,https://t.me/obfchatroom
OKEx Official English Group,https://t.me/okexofficial_en
Omise Go chat,https://t.me/omisego
Omise Go official,https://t.me/omisego_official
Omni Layer,https://t.me/OmniLayer
Omnitude Chat,https://t.me/Omnitudechat
OnChain Domains Group,https://t.me/onchaindomainsgroup
OnChain Domains Group,https://t.me/onchaindomainsgroup
Ondori (rstr.io),https://t.me/ondoricoin
OneLedger Official,https://t.me/oneledger
Online.io Community,https://t.me/OnlineIO
Ontology Official,https://t.me/OntologyNetwork
OpenDEX.Market {Official Group},https://t.me/OpenDexMarket
Orbs Official,https://t.me/orbs_network
Orderbook,https://t.me/orderbook_io
Origami Network,https://t.me/ori_network_ICO
Origo Official,https://t.me/origoofficialgroup
Origo.Network Official Contributors,https://t.me/origoofficialcontributor
OTOCASH (OTO),https://t.me/otocashofficial
Pai Official,https://t.me/projectpai
PAL Network,https://t.me/PolicyPalNetwork
PALM CRYPTO CHAT Binance Trading Chat,https://t.me/palm_crypto_chat
Particl Project [PART],https://t.me/particlproject
PATHHIVE Network Offical,https://t.me/pathhive1
Paxos Chat,https://t.me/paxosnews
Paxos Community,https://t.me/paxostoken
PaxosGlobal,https://t.me/PaxosGlobal
PayDayCoin,https://t.me/PayDayCoin
PayPie ,https://t.me/PayPieTokens
Pchain group,https://t.me/pchain_global
Pchain official,https://t.me/pchain_org
Peercoin√óDiscord,https://t.me/peercoin
Peerplays,https://t.me/Peerplays
Pepecash,https://t.me/pepecash
Perlin Discussion,https://t.me/perlinnetworkchat
Peur ICO Group,https://t.me/peurtelegram
PIEXGO GLOBAL,https://t.me/Piexgo_Global
Pitch Apply Official,https://t.me/pitchapplycommunity
PIVX Chat,https://t.me/pivxchat
PKG Token (PKG),https://t.me/pokemongopkg
Platon Finance,https://t.me/Platonfinance_official
Playchip official,https://t.me/PlayChipTokenSale
Polymath Network,https://t.me/polymathnetwork
Populous Community,https://t.me/Populous
PotCoin,https://t.me/potcoin420
Potentiam,https://t.me/PotentiamGroup
Power ledger official,https://t.me/powerledger
PrimeXBT & Crypto Traders,https://t.me/Pctraders
Prism coin English Official,https://t.me/prism_coin
Product Protocol Global,https://t.me/pprotocol
Productivist ICO,https://t.me/productivist
Project Business Ticker Coin (BSTC) Global,https://t.me/BusinesstickerGlobal
Projecton (XN35),https://t.me/projectonENG
Proxeus,https://t.me/proxeus
Pump Royale Group,https://t.me/orgunlimited
Pundix Official,https://t.me/pundix
Puregold.io PGPay Official,https://t.me/puregoldsg
PWR Coin Official,https://t.me/pwr_coin_official
Qashback ICO Official,https://t.me/QashbackICOofficial
Qbao Community En,https://t.me/QbaofoundationEn
qiibee,https://t.me/qiibee
Qitmeer Global Community,https://t.me/HalalChainGroup
QPay Global,https://t.me/qpayglobal
Qtum Official,https://t.me/qtumofficial
Quadrant Protocol,https://t.me/quadrantprotocol
Quant Chat,https://t.me/QuantOverledger
Quant group,https://t.me/QNTpricediscussionunofficial
QuarkChain_trading,https://t.me/QuarkChain_trading
Qubitica,https://t.me/Qubitica
Queen Mahsa Token,https://t.me/queenmahsatoken
Radium Official,https://t.me/RadiumOfficial
Raven Coin Official,https://t.me/RavencoinDev
Raven Protocol,https://t.me/RavenProtocol
Ravencoin Chat,https://t.me/ravencoin
RChain Community,https://t.me/rchain_coop
Rcn Group,https://t.me/RCNchat
Real Estate CoinSpace,https://t.me/therecs
RED Official Group,https://t.me/redofficial
RefToken,https://t.me/reftoken
Remme,https://t.me/remme
Ren Project,https://t.me/renproject
Renos,https://t.me/renoscoin
Republic Crypto,https://t.me/republiccrypto
Revain group,https://t.me/revainorg
Revain official,https://t.me/revainofficial
Rif Official,https://t.me/rif_os_community
Ripple XRP,https://t.me/Ripple
Rivetz ,https://t.me/rivetz_corp
Robotina Group,https://t.me/RobotinaICO
RPICOIN (RPI) - Community,https://t.me/rpicoin
RSK Community,https://t.me/RSKsmart
RyoNEWS,https://t.me/ryo_currency
Safe Network Chat,https://t.me/safenetwork
Safex The World Marketplace TWM,https://t.me/SafexExchange
SALT Lending Discussion,https://t.me/SALTLendingDiscussion
Santiment Group,https://t.me/santiment_network
Sapphire Coin Official Chat,https://t.me/SapphireCoinOfficialChat
SCRY Community (DDD),https://t.me/scryinfo1
SDChain En,https://t.me/sdchainen
Seele Official,https://t.me/seeletech
Segwit,https://t.me/Segwit
Selfie GO,https://t.me/SelfieGO
SelfKey Identity Network,https://t.me/selfkeyfoundation
Sempai Tokem,https://t.me/SempaiTokemGroup
SENNO,https://t.me/SennoGroup
Sentinel Chat,https://t.me/sentinel_co
Sentinel Group,https://t.me/sentinelprotocol
SERO Official,https://t.me/SeroOfficial
Serve Official Group,https://t.me/servetoken
SET4Earth.com Official,https://t.me/SETToken
SGC Official,https://t.me/securedgoldcoin_SGC
SharkCave io,https://t.me/SharkCave
Shopin Global,https://t.me/shopineverywhere
ShopZcoin SZC,https://t.me/shopz_coin
Sia Coin CHat,https://t.me/SiaCashCoinChat
Sia Coin Official,https://t.me/siacoin
Sibcoin Group,https://t.me/sibcoin_en
Sidera Official International,https://t.me/SideraOfficial
Signals Network (SGN),https://t.me/signals_network
SilentNotary,https://t.me/silentnotary
SilkChain English-02,https://t.me/silkchainenglish02
SingularDTV,https://t.me/singulardtv
SIŒûRRACOIN | Community - Chat,https://t.me/sierracoin
SKM Global-Skrumble Network Chat,https://t.me/skrumble
SKRAPS Official Group,https://t.me/SkrapsOfficial
Skycoin - Building the new Internet,https://t.me/Skycoin
Smart Contracts,https://t.me/SmartContracts
SMART VALOR Official,https://t.me/smartvalor_official
SoftChain Official Community,https://t.me/softchain
Solve Care,https://t.me/SolveCare
SOMA SCT,https://t.me/Somacommunity
SONM,https://t.me/sonm_eng
SophiaTX_Technical,https://t.me/SophiaTX_Technical
Sovren Community Channel,https://t.me/sovrenofficial
SpectrumCash,https://t.me/SpectrumCash
Spiking Official,https://t.me/SpikingOfficial
Spin Protocol Group,https://t.me/spinprotocol
SpringRole (unofficial),https://t.me/springrole
StakeCube,https://t.me/Stakecube
StarChainÔºàSTCÔºâCommunity,https://t.me/starchainone
Starta ICO ENG,https://t.me/starta_ico
Stasis Community,https://t.me/stasis_community
Status network chat,https://t.me/StatusNetworkChat
Status.im,https://t.me/ethstatus
Stealth Group,https://t.me/stealthsend
Steem,https://t.me/steem_en
Steem Chat group,https://t.me/steem
Steem Network,https://t.me/steemnetwork
Stellar Gold (XLMG),https://t.me/officialXLMG
Stellar Official,https://t.me/StellarLumens
Stips Official,https://t.me/stips_official_chat
Storeum official,https://t.me/STOREUMTOKEN
Storiqa Community EN [1],https://t.me/storiqa_en
Storiqa Community EN [2],https://t.me/StoriqaEnglish2
Storj Labs,https://t.me/storjproject
Strape,https://t.me/strape
Stratis Platform,https://t.me/StratisPlatform
Streamit Official,https://t.me/streamitcoin
Stronghold,https://t.me/strongholdxchg
Sumokoin Official Telegram Group,https://t.me/sumokoinofficial
Swace,https://t.me/swace
Swap [XWP],https://t.me/swapxwp
Swipe Crypto chat,https://t.me/swipecrypto
Swipe wallet Official,https://t.me/SwipeWallet
SyncFab Blockchain Manufacturing DApp,https://t.me/syncfab
Syndicate,https://t.me/syndicateLTD
Synthetix Network official,https://t.me/havven_official1
Syscoin Group,https://t.me/syscoin
TaaS: Token-as-a-Service,https://t.me/taasfund
Tachain ‚Äì (EN) Official Group,https://t.me/Tachain_EN
TAGZ Exchange (English) Tagz.com,https://t.me/tagzexchange
TajCoin,https://t.me/TajCoin
Taklimakan Network Chat,https://t.me/taklimakan_en
TAMILBTC‚Ñ¢ EDUCATION,https://t.me/tamilbtc
TaTaTu Community,https://t.me/tatatuofficial
TAU - Mobile Mining Coin,https://t.me/taucoin
TAU - Mobile Mining Coin,https://t.me/taucoin
Telcoin,https://t.me/telcoincommunity
Telcoin Community,https://t.me/telcoincommunity
Teloscoin,https://t.me/teloscoin
Temco Group,https://t.me/temcolabs
Terra  [INACTIVE]  Luna,https://t.me/terramoney
Tesra,https://t.me/TesraSupernet
Tezos Official,https://t.me/tezosplatform
Thaler.One Official Group for investors,https://t.me/thaleroneproject
The Anchor Project Community,https://t.me/theanchorprojectcommunity
The bitconnectCoin Community Telegram Group,https://t.me/the_bitconnectcoin_community
The CF's Discussion Group,https://t.me/cryptofairyscastle
The Coin Farm,https://t.me/thecoinfarm
Themis,https://t.me/ThemisCN
Theta Network,https://t.me/thetanetwork
Thunder Official,https://t.me/thunder_official
Tierion Chat,https://t.me/tierion
Tierion Network,https://t.me/TNTnetwork
TimeInnovation Official (en),https://t.me/TimeInnovationOfficialen
TimviCommunity,https://t.me/TimviCommunity
Tip Blockchain,https://t.me/tipblockchain
TMTGForum_KR,https://t.me/tmtgforum_kr
TOKC - TokyoCoin group,https://t.me/tokyocoingroup
Tokenize Community,https://t.me/tokenizexchange
Tokenmarket - The Global Investment Platform,https://t.me/tokenmarket
TokenPocket (English),https://t.me/tokenPocket_en
Tokens.net (Official Group),https://t.me/TokensNetExchange
Tokoin Global - Official Group,https://t.me/tokoinglobal
Tokok-ÂÆòÊñπ‰∏≠ÊñáÁ§æÂå∫,https://t.me/TOKOKcom
Tomo Chain Official,https://t.me/tomochain
Toqqn ,https://t.me/toqqn
Trade.io English Community Group ,https://t.me/TradeToken
"Trading Nxt, Ardor, Ignis",https://t.me/nxt_ardor_ignis_trading
TraDove Global B2B Token Offer,https://t.me/tradoveglobalb2btokenoffering
Tratin Community,https://t.me/tratin
Trendercoin,https://t.me/trenderfoundation
TREX Exchange platform,https://t.me/trexexchange
TrezarCoin,https://t.me/TrezarcoinOfficial
Trezor Talk (admins won't DM you),https://t.me/trezortalk
Trias TRY,https://t.me/TriasChinese
Trinity Network Credit (TNC),https://t.me/TrinityStateChannels
Triwer Technologies,https://t.me/triwer
Trollbox,https://t.me/Trollbox
TRON - Tronix - Tron token - $TRX,https://t.me/tron_coin_trx
Tron Official,https://t.me/tronnetworkEN
Tron Planets,https://t.me/tronplanets
Truechain Community,https://t.me/truechain
TrueChain Official,https://t.me/truechainglobal
TRUNK COIN,https://t.me/trunkcoin
Trust Dice,https://t.me/trust_dice
TrustToken,https://t.me/joinchat/HihkMkTja1gIyBRM1J1_vg
TrustUnion,https://t.me/TrustUnionOfficial
TrustVerse.io,https://t.me/trustverse_officialchannel
Ubcoin Community ENG,https://t.me/ubcoin
Ubex,https://t.me/UbexAI
UbiatarPlay - Official,https://t.me/ubiatarplay
Ubiq - Official Telegram Channel,https://t.me/Ubiqsmart
Ulord,https://t.me/ulordone
Ultiledger Group,https://t.me/ultiledger
UltraNote_Official,https://t.me/ultranote_official
Un Stoppa Bulls üòç,https://t.me/UKBitcoin
Unibright Official Community,https://t.me/unibright_io
UniCoin Official,https://t.me/unicoingroup
UnitedBitcoin,https://t.me/unitedbitcoin
UOS Network Chat,https://t.me/uos_network_en
uPlexa Telegram Community,https://t.me/uplexaOfficial
Utemis Official Chat,https://t.me/joinchat/EKWKsRBgoQZzPLRDs9kA2g
Utopic Coin,https://t.me/Utopiccoin
Utrust,https://t.me/utrustofficial
VANTA Network Community,https://t.me/vantanetwork
Vatoms Group,https://t.me/vAtoms
Ve Chain Official,https://t.me/vechain_official_english
Velas Community,https://t.me/velascommunity
Velix.ID Official Community,https://t.me/velixID
VenjoCoin Group,https://t.me/venjocoingroup
Ventmode Community,https://t.me/ventmode
Verge Official,https://t.me/VERGExvg
VeriDoc Global,https://t.me/veridocglobal
VERItaseum,https://t.me/Veritaseumofficial
Vertcoin Group,https://t.me/VertcoinCrypto
Vestchain,https://t.me/vestchainio
Vex project vexanium,https://t.me/vexanium
Vexanium Indonesia ( bahasa),https://t.me/vexaniumid
Vexanium official | English,https://t.me/vexaniumcom
Vexanium official | English,https://t.me/vexaniumcom
Vexareum,https://t.me/vexareum
Viacoin,https://t.me/viacoin
Viacoin,https://telegram.me/viacoin
VinDAX Community,https://t.me/vindax
Viuly Official,https://t.me/ViulyOfficial
Vivid,https://t.me/vividcoin
Vodi X Official Group (EN),https://t.me/Vodixgroup
VSYS Official Group,https://t.me/VSYSOfficialGroup
VUtoken,https://t.me/VUToken2
Wagerr [WGR] - Main Channel,https://t.me/wagerrcoin
Walton Chain Group,https://t.me/waltonchain_en
Walton Research group,https://t.me/WTCresearch
Wanchain Chat,https://t.me/WanchainCHAT
Waves community,https://t.me/Wavescommunity
WavesPlatform,https://t.me/Wavescommunity
Wavu Token,https://t.me/WavuToken
Wax Official,https://t.me/wax_io
Wayki Chain Official,https://t.me/wiccofficial
WCSE R&A TALKS,https://t.me/wcsetalks
WdW-MILC (EN),https://t.me/wdw_milc_en
WeBuy,https://t.me/wby_io
WELL Health,https://t.me/joinwell
WeTrustPlatform,https://t.me/WeTrustPlatform
Whale Pool,https://t.me/whalepoolbtc
Whale Tracker ChatüóØ,https://t.me/whale_tracker
WhaleTank Crypto [Public Chat],https://t.me/whaletankchat
WHEN Token,https://t.me/WhenHubTokenSale
Wi-Fi Global,https://t.me/wifi_global
Wiex Official,https://t.me/wirexchat
WINGS Chat,https://t.me/wingschat
Wink Official,https://t.me/WINk_org_official
Wink Small Chat,https://t.me/WINkorg
WorkChain.io Announcements,https://t.me/workchainio
World üåé Wi-Fi CHAT,https://t.me/world_wifi
WPP Energy Community,https://t.me/WPPEnergy
WXB,https://t.me/wxbtoken
Wysker Community,https://t.me/wysker
X-CASH Official,https://t.me/xcashglobal
x42 OPEN FEELESS INFINITE ,https://t.me/x42tech
XEL group,https://t.me/ElasticXEL
XResearch,https://t.me/XResearch
Xrp Official,https://t.me/Ripple
Xtock_en,https://t.me/xtock_en
YOUChain FOUNDATION,https://t.me/YOUChain_EN
Yunique Exchange Community,https://t.me/yuniquex
ZAGG Protocol - Official,https://t.me/zaggprotocol
Zap Project,https://t.me/ZapOracles
ZB.com,https://t.me/ZB_support
ZBG Official English,https://t.me/zbg_official
Zcash Chat,https://t.me/ZCashco
Zclassic,https://t.me/ZClassicCoin
Zcoin (XZC),https://t.me/zcoinproject
ZCoin Project,https://t.me/zcoinproject
Zebi,https://t.me/ZebiData
Zeepin Official (English),https://t.me/zeepin
Zelerius Network,https://t.me/Zelerius
Zilliqa Official,https://t.me/zilliqachat
Zipper EN,https://t.me/ZipperEN
ZonafideWallet,https://t.me/ZonafideWallet
ZumCoin,https://t.me/zumcoin